<?xml version="1.0" encoding="UTF-8"?>
<project-private xmlns="http://www.netbeans.org/ns/project-private/1">
    <editor-bookmarks xmlns="http://www.netbeans.org/ns/editor-bookmarks/2" lastBookmarkId="0"/>
    <open-files xmlns="http://www.netbeans.org/ns/projectui-open-files/2">
        <group>
            <file>file:/C:/Users/rcs/OneDrive/Desktop/FootWise/FootWiseManagementSystem/src/Footwise/controller/algorithms/selectionsort.java</file>
            <file>file:/C:/Users/rcs/OneDrive/Desktop/FootWise/FootWiseManagementSystem/src/Footwise/view/Contactuspage.java</file>
            <file>file:/C:/Users/rcs/OneDrive/Desktop/FootWise/FootWiseManagementSystem/src/Footwise/view/About_Uspage.java</file>
            <file>file:/C:/Users/rcs/OneDrive/Desktop/FootWise/FootWiseManagementSystem/src/Footwise/controller/algorithms/ShoeBinarySearch.java</file>
            <file>file:/C:/Users/rcs/OneDrive/Desktop/FootWise/FootWiseManagementSystem/src/Footwise/view/loadingpage.java</file>
            <file>file:/C:/Users/rcs/OneDrive/Desktop/FootWise/FootWiseManagementSystem/src/footwisemanagementsystem/FootWiseManagementSystem.java</file>
            <file>file:/C:/Users/rcs/OneDrive/Desktop/FootWise/FootWiseManagementSystem/src/Footwise/view/Homepage.java</file>
            <file>file:/C:/Users/rcs/OneDrive/Desktop/FootWise/FootWiseManagementSystem/src/Footwise/controller/algorithms/Insertionsort.java</file>
            <file>file:/C:/Users/rcs/OneDrive/Desktop/FootWise/FootWiseManagementSystem/src/Footwise/controller/algorithms/mergesort.java</file>
            <file>file:/C:/Users/rcs/OneDrive/Desktop/FootWise/FootWiseManagementSystem/src/Footwise/view/loginpage.java</file>
            <file>file:/C:/Users/rcs/OneDrive/Desktop/FootWise/FootWiseManagementSystem/src/Footwise/view/Informationpage.java</file>
        </group>
    </open-files>
</project-private>
